ID,target
7047,13.924616882919777
7048,14.120752385185778
7049,14.245783218401545
7050,11.775932709891181
7051,12.490779543741903
7052,15.702505532346889
7053,13.681900359112708
7054,14.504231789510737
7055,15.915917716712272
7056,14.621420738236106
7057,13.300158855746227
7058,14.182274495178813
7059,13.54092548374059
7060,15.78626316326839
7061,15.994728577038714
7062,12.941504466286764
7063,15.297534058674044
7064,13.50510128014492
7065,13.46044776397825
7066,12.732356259640754
7067,13.19060449128257
7068,14.252681493278418
7069,14.371959183069643
7070,13.507664918658113
7071,14.6310791994951
7072,14.187718733654718
7073,13.112693263918024
7074,11.931684657982016
7075,15.144221469292376
7076,16.620044020361554
7077,13.116778960908029
7078,13.643643914579316
7079,13.969371795348584
7080,14.989560811292653
7081,13.132052572371828
7082,14.777412911180782
7083,13.050242553445637
7084,14.725456904612969
7085,12.64331698848492
7086,14.346894490070671
7087,14.16183951552688
7088,14.58623573202254
7089,12.238297724909998
7090,12.665001412613082
7091,13.440390574429031
7092,14.444223478359012
7093,12.435059298880484
7094,13.974242526335455
7095,14.814353567805544
7096,15.061157544536417
7097,14.012670720854322
7098,13.951305422450268
7099,15.266219005344922
7100,14.112159070071447
7101,13.561582537358627
7102,12.691052259288421
7103,12.4508456319811
7104,13.630695073742178
7105,14.698899344100763
7106,15.24669457505545
7107,12.559724003682428
7108,11.939236286208294
7109,15.3375466906835
7110,13.43894370836704
7111,14.443232501174235
7112,13.132674931467019
7113,12.859659805159128
7114,13.09110469497182
7115,13.424698960280944
7116,15.119627748232077
7117,13.013600840382997
7118,13.247621407234625
7119,13.301816663897926
7120,14.564814417705096
7121,14.403892937489282
7122,13.86984840447894
7123,14.083591080188617
7124,14.07900161665926
7125,13.316616277513047
7126,14.722948568079227
7127,12.888460360215204
7128,14.416998543443114
7129,13.747362322562115
7130,14.423257197094859
7131,15.468004208646946
7132,12.877508940662066
7133,13.188071352840083
7134,13.605416263430902
7135,14.669357043641783
7136,14.696247749065318
7137,12.380778649774829
7138,14.170175686911925
7139,12.534619544336
7140,14.500149217154089
7141,13.759256492507753
7142,16.0140640593943
7143,14.073552249164281
7144,12.56776563817029
7145,14.306539390214697
7146,14.67861285861195
7147,14.478130849306735
7148,13.228739997306032
7149,12.7191687514432
7150,14.029086962315944
7151,15.511419539187623
7152,13.780433554380593
7153,13.980094897231877
7154,14.651454542770992
7155,14.833565333739926
7156,14.377223434696832
7157,13.618327464441194
7158,14.318379319922785
7159,15.035044685892409
7160,15.134027420932505
7161,14.663795099918417
7162,15.024227813391605
7163,16.6790782491375
7164,14.379250846536348
7165,14.894778640035357
7166,14.221056695146777
7167,14.77782805702109
7168,14.524332746101758
7169,12.465108901581193
7170,13.691651666124185
7171,14.075167849721602
7172,13.499447604192136
7173,14.65603404874735
7174,14.331467169123265
7175,14.396901193682938
7176,14.958607863253219
7177,12.997462029748249
7178,14.267640092395647
7179,14.036528671697718
7180,14.978804090338532
7181,13.84684205609046
7182,14.078207214232027
7183,13.427910707243473
7184,13.694772189977495
7185,13.947080527079194
7186,13.532766929779621
7187,12.866926529137992
7188,12.296268122759113
7189,13.808562919147874
7190,13.712403132337828
7191,13.949667290679235
7192,14.989207271729923
7193,13.687449997798417
7194,14.012981496680329
7195,13.738351245253696
7196,12.849635534673324
7197,13.134400541887477
7198,14.89956529209078
7199,13.376579371486251
7200,13.025426326923972
7201,13.596054298424537
7202,15.648979401731044
7203,14.655632158238014
7204,13.447718076931483
7205,14.347774092062648
7206,12.799779908793573
7207,14.417251038187247
7208,14.038288910134632
7209,14.584843861852908
7210,16.034759751516763
7211,15.072696304997333
7212,13.701768214557474
7213,14.896166384235482
7214,14.273796014506054
7215,16.189425564137782
7216,11.962905572679906
7217,14.931005742879336
7218,12.103486484004641
7219,12.83444247487885
7220,14.07225225526284
7221,14.198528995212037
7222,12.686796261463192
7223,14.288641571776107
7224,12.91232069475442
7225,13.389984640842954
7226,13.828032239066255
7227,14.251930162409892
7228,11.725218315639655
7229,13.852831655392269
7230,13.897575555391818
7231,13.986988106592374
7232,12.128508219116362
7233,13.55603862427128
7234,12.611600783328674
7235,13.56119335929605
7236,13.143464534331722
7237,14.680894337144544
7238,14.905797783311769
7239,14.403881830213892
7240,14.316461599571362
7241,14.21323551699021
7242,13.798052034585506
7243,13.865057058600543
7244,14.15937733792775
7245,15.210365441762244
7246,16.09412897630974
7247,12.945805204890663
7248,14.932528903756985
7249,14.040128841049674
7250,13.345939928593861
7251,15.450265880938211
7252,14.87842308421401
7253,14.79919235751506
7254,14.47228259540818
7255,13.59645262582751
7256,15.31311754495874
7257,12.593669042343231
7258,12.622384723971868
7259,15.138746118508648
7260,12.417043298321438
7261,14.052546519031955
7262,11.91495114335007
7263,15.088560381128518
7264,13.057848539100016
7265,13.130255772319485
7266,14.507304527944983
7267,13.677125408285024
7268,15.634251745829403
7269,12.691606767139167
7270,13.84091099506814
7271,11.114337535293194
7272,14.1503138729899
7273,12.212641973200546
7274,14.336070471069492
7275,14.730394200368545
7276,12.688309494996934
7277,13.944380563196285
7278,12.824297089115017
7279,11.552961893829263
7280,14.612148966058898
7281,14.200469113976025
7282,14.479450080185872
7283,14.032747445428114
7284,14.13869333734133
7285,14.909050762640465
7286,13.904673194504822
7287,13.088809335604806
7288,14.726212632497598
7289,13.2940225955175
7290,13.760960776909112
7291,13.444007817981234
7292,13.931874549435213
7293,15.260590814733085
7294,13.678047462046303
7295,13.97106229820474
7296,14.765224875897145
7297,15.116278850882095
7298,14.120851314550984
7299,14.023659791289964
7300,12.007448256438416
7301,12.581799695397844
7302,14.745254198716356
7303,14.788063619163378
7304,12.053494711403948
7305,13.304473258816943
7306,13.573519275827357
7307,14.241755616198446
7308,12.608536071010963
7309,13.965320476164653
7310,13.194842179440279
7311,13.90462578433198
7312,13.166186123340454
7313,13.3084350959078
7314,14.033733168819367
7315,14.248392097177648
7316,14.552807862164146
7317,13.856974468383246
7318,14.490063562105735
7319,13.945349582618833
7320,13.735857679012355
7321,14.206904723759738
7322,16.092270081162702
7323,12.811408555474381
7324,13.615593639613746
7325,12.472417252917033
7326,14.090083538280004
7327,13.161775876575998
7328,14.514163676302973
7329,13.093298660771492
7330,13.87648936219847
7331,14.740289147499826
7332,14.281402478362592
7333,14.04650842530167
7334,14.20404817159311
7335,13.411237698963278
7336,12.704640173104945
7337,12.358173179636436
7338,13.400333525654741
7339,14.618219971643674
7340,14.259794510816699
7341,14.2001329420994
7342,14.464877560001753
7343,13.208168169248781
7344,13.420618147755226
7345,13.273962193252563
7346,13.91245872466934
7347,15.27288825711454
7348,14.708978694026836
7349,14.105620906225834
7350,11.339810538124166
7351,14.168196044951491
7352,13.84062169267434
7353,15.812676439850874
7354,16.167083488698797
7355,13.052822731203346
7356,11.928911203939318
7357,12.93017989649166
7358,12.737256437346776
7359,14.473569088363103
7360,13.319818580796602
7361,14.234463425615168
7362,13.412376116913114
7363,14.137368948849142
7364,12.594078459627742
7365,13.872526235174817
7366,13.947140039619871
7367,12.855566831226446
7368,12.594269444388921
7369,14.041694904769292
7370,13.958810457129756
7371,12.25881718484652
7372,14.916078747350529
7373,14.913130236530579
7374,14.81570034427152
7375,15.56977753375129
7376,12.654613264640492
7377,14.723468952236788
7378,14.322000088398783
7379,13.40635570296237
7380,14.743536283805057
7381,12.684998976073171
7382,14.027904265810163
7383,13.262248652104116
7384,14.512483291137642
7385,14.132062080580239
7386,12.254821205536523
7387,12.714013611468076
7388,13.612260357818633
7389,13.674100332754866
7390,15.294509917491306
7391,14.150596766324066
7392,12.988135738019462
7393,12.793995154393418
7394,13.604362990605589
7395,13.9310459201743
7396,15.057522355098287
7397,14.36775313574008
7398,15.679016698506725
7399,11.597696567893589
7400,13.491169019487916
7401,15.9576906912659
7402,11.86821027695018
7403,13.752816861760085
7404,13.387679009869007
7405,12.692785868092695
7406,13.390745629723682
7407,15.411661407951174
7408,14.362991782655216
7409,14.979712372189333
7410,15.039584830347028
7411,15.558271708822467
7412,12.135099894193585
7413,12.557109473484289
7414,14.994896338972858
7415,15.28431748359492
7416,13.827383845073529
7417,14.056765833739199
7418,14.172612143997787
7419,12.803306662461948
7420,14.342358293934419
7421,14.58881026014969
7422,15.581547758508686
7423,14.59777285135341
7424,15.289534742231124
7425,13.720179672960638
7426,14.501034264140955
7427,15.519186290898352
7428,13.60822128899864
7429,14.500285491968352
7430,16.31200689595599
7431,15.128005777450118
7432,14.839746492073512
7433,13.621618058188108
7434,14.70309791352059
7435,12.848005639313397
7436,12.876295684024514
7437,13.988141586786798
7438,14.86203916924585
7439,14.416335322599965
7440,14.548536591142994
7441,12.98368690519475
7442,13.884935272663839
7443,12.920082684369556
7444,14.093756115982133
7445,14.469019702303523
7446,14.075593016778974
7447,15.632941505073385
7448,14.584946048613984
7449,14.210174743619136
7450,15.341585350076894
7451,14.36906355223497
7452,15.020417590748009
7453,14.677825698908501
7454,16.441143670665717
7455,13.280827483318514
7456,13.740415244146135
7457,14.254477553887838
7458,15.495175593505945
7459,13.176240150959138
7460,13.806120288134283
7461,14.222690985132472
7462,14.237511639224238
7463,13.677110182056701
7464,14.537351477976262
7465,14.755534528069603
7466,15.526707220313403
7467,13.315743477166864
7468,12.077010612205806
7469,14.031444491463098
7470,15.476229172108757
7471,14.143231946465441
7472,14.441204453971931
7473,12.970655721433157
7474,12.761187289112637
7475,14.572596074008551
7476,13.748664844477592
7477,15.113544943519255
7478,14.259938040908793
7479,13.71736397385332
7480,12.636046863758441
7481,14.690845153202082
7482,14.932546266353247
7483,13.892391771606146
7484,15.360804927968177
7485,15.305181580172537
7486,13.356127225628695
7487,13.31242532657597
7488,13.55127662114872
7489,12.514295386744614
7490,13.243682004029774
7491,15.059153854652292
7492,14.4527001390653
7493,14.185124972489234
7494,15.068235903246798
7495,12.415955979149018
7496,13.313879708377543
7497,14.500963028999529
7498,14.005992221495308
7499,13.179324370903606
7500,16.07856492720652
7501,12.107540417015183
7502,13.394123301222105
7503,14.013144940504938
7504,13.513211306536355
7505,15.458082685507522
7506,14.761424300488915
7507,14.239812649135166
7508,15.6769895703966
7509,13.551700261338432
7510,13.567149568008665
7511,13.620354573751667
7512,13.508299435127622
7513,12.892400676615733
7514,13.283852650224683
7515,13.883090205374225
7516,13.303635777219299
7517,13.562252613123297
7518,14.771688793499997
7519,14.47808202749232
7520,13.858740016742846
7521,15.92356178186853
7522,13.077787143360279
7523,12.258194125513581
7524,12.698362784790625
7525,14.037904759106901
7526,13.347842376491672
7527,13.045743777588251
7528,12.775875196808192
7529,14.639262721791956
7530,12.985864994491777
7531,14.021535692726196
7532,13.653271655164854
7533,14.857151093066555
7534,14.005810940755655
7535,13.452571968629924
7536,14.648447977055543
7537,15.012681847315987
7538,15.99687655646672
7539,14.893377615415396
7540,15.428644099688828
7541,13.76477014608259
7542,14.209999840586594
7543,15.353073407437169
7544,11.974623032646164
7545,15.060079334430933
7546,15.639623872119868
7547,15.316085873352751
7548,13.247968855948674
7549,13.266435343337188
7550,15.22299297565525
7551,14.760362472680331
7552,12.821275280559412
7553,13.394280852486295
7554,13.748427483566891
7555,15.216907267378524
7556,13.888507867511503
7557,13.165811485301077
7558,14.626323569106026
7559,14.141081776829125
7560,13.856466627341026
7561,13.75455383971339
7562,15.300638647121877
7563,12.775241490981163
7564,14.275578360513094
7565,12.753668920604392
7566,12.811926685939087
7567,13.84080346368638
7568,14.640807019195982
7569,14.17657469590159
7570,14.250760769448126
7571,14.14951024861149
7572,13.046906719295578
7573,13.048972887266832
7574,14.998827555894227
7575,13.555225662222593
7576,12.775928484161692
7577,15.01344533083517
7578,13.66318713435569
7579,14.111952801270265
7580,13.290249640836159
7581,14.127897342991352
7582,15.067782729920904
7583,12.441582369994023
7584,13.393160975481019
7585,15.498532677639245
7586,12.775698189873212
7587,13.867851255064501
7588,12.615874078645145
7589,13.562588936808366
7590,15.394401449686695
7591,14.037395442925803
7592,14.305255862084021
7593,15.879294550652371
7594,16.434890053910788
7595,11.086239145994158
7596,12.12007648410159
7597,14.779070427466557
7598,14.45050686957409
7599,12.868813501771834
7600,12.435280090161385
7601,13.434017756047412
7602,15.343280765976736
7603,15.183465995142008
7604,13.572834779496851
7605,16.224304141656326
7606,12.975176804826619
7607,12.683513287132225
7608,13.31100559482762
7609,14.538997231911447
7610,15.025433265103661
7611,14.703363319741964
7612,13.816092220689555
7613,13.267539947369055
7614,13.419626945155711
7615,13.60847356332728
7616,13.99956007148338
7617,13.06804301376395
7618,13.19752975574998
7619,14.674665945716105
7620,15.67311720984502
7621,13.40775474903792
7622,12.368029870779184
7623,14.536676622768445
7624,14.511195922380688
7625,14.69007799995152
7626,11.702787016378888
7627,13.236984215035216
7628,15.12860603349046
7629,14.596246785905715
7630,14.880284219949678
7631,15.36923871909131
7632,13.85156107547974
7633,12.416815804794739
7634,13.80925708208681
7635,15.180324756890947
7636,14.280311641284792
7637,15.12577512322522
7638,14.634308051623274
7639,12.540439093699042
7640,14.500164414203795
7641,13.718327031382396
7642,14.872493416967204
7643,12.786439043956593
7644,15.09941734124686
7645,17.687246387618572
7646,12.594724118357053
7647,11.619637872483914
7648,12.549732182872727
7649,13.791299565222419
7650,15.014606614427198
7651,12.453462450050873
7652,14.197627156025272
7653,15.020748717263302
7654,13.500371895210495
7655,12.724291817670641
7656,13.138474608053928
7657,12.935379788901567
7658,14.439366730714578
7659,12.0953079198982
7660,14.1695454166357
7661,13.539776378636834
7662,14.713816920634784
7663,14.27770522991904
7664,13.990238158544361
7665,13.305286137216696
7666,13.350225531357758
7667,12.187122944837943
7668,12.860546132556362
7669,14.47974630788461
7670,14.885946144925985
7671,15.314494986322224
7672,14.328268184959972
7673,15.798853515040264
7674,13.404658172247103
7675,13.752349584379756
7676,13.611865663918797
7677,15.016628287934827
7678,13.461854909233534
7679,12.091582305617056
7680,11.881088247546813
7681,15.563319849771963
7682,14.353225981673122
7683,12.37847439476714
7684,14.054719100255625
7685,14.099527943008408
7686,13.272508889998477
7687,14.725791593212733
7688,13.626040067779437
7689,15.571486043539478
7690,14.358451457401802
7691,13.265484326135649
7692,14.252629171510657
7693,13.859269721030554
7694,14.44388829300423
7695,15.055807988704583
7696,12.111664888993747
7697,13.425569600208838
7698,12.338858052415727
7699,12.177086225601496
7700,15.702963641097655
7701,13.493463259968694
7702,15.684121390779497
7703,14.47839721371499
7704,14.75492814528855
7705,12.333173882456908
7706,12.990457973963169
7707,12.78737385304484
7708,12.640690072593957
7709,12.25096520870688
7710,14.170066517523995
7711,12.390650375051095
7712,13.752504314299257
7713,13.439120228326775
7714,14.218345395576492
7715,12.529677150005769
7716,16.285420075295885
7717,13.841562491500277
7718,14.723526049316536
7719,13.638879243282807
7720,14.71635486954534
7721,15.059985491621772
7722,12.850573096613418
7723,13.734964622662398
7724,15.447323094024247
7725,14.206448661269148
7726,14.428624515498417
7727,13.207926344840416
7728,14.906455490809488
7729,13.701824740438367
7730,13.009413084962086
7731,12.965046547353479
7732,14.286504142998565
7733,13.288326265489259
7734,12.78320527836382
7735,14.043934904353131
7736,14.056680619431189
7737,14.744197031829597
7738,13.968110791788895
7739,13.147520133311652
7740,12.850566341459187
7741,16.094250980042816
7742,15.207514499595105
7743,14.922150771103702
7744,12.446828366713401
7745,13.007180687831006
7746,11.74361504793285
7747,13.416072729448898
7748,15.093896911918526
7749,13.331995408054425
7750,14.212200443028138
7751,13.926439063687265
7752,12.454174670554453
7753,13.319133064714444
7754,14.15328789840239
7755,16.21553717754668
7756,11.47782545738202
7757,12.865216874057378
7758,13.917953838372538
7759,12.894923512353726
7760,14.178802384056118
7761,13.038456272469595
7762,13.925852688136063
7763,14.989739222367916
7764,12.754935455949136
7765,14.178072469786537
7766,12.698010455970172
7767,13.547617255132561
7768,13.767348094318557
7769,14.265901927297827
7770,13.169377955143776
7771,12.51954938121503
7772,14.618793697841765
7773,14.134483885920096
7774,13.098895239245458
7775,13.376728074584431
7776,13.587978381314251
7777,14.555476918515577
7778,15.234201051529954
7779,14.994350444326571
7780,15.758617151066387
7781,13.842889050986892
7782,12.902697487156352
7783,12.486628692615263
7784,13.858331181306891
7785,13.261417138701827
7786,15.194861386494662
7787,12.499265700578853
7788,15.600407790061631
7789,12.714441119045357
7790,14.80755235622876
7791,13.67825030663833
7792,12.457025015136056
7793,12.212899324342573
7794,15.037640571535057
7795,14.143491433407988
7796,14.155118228754192
7797,14.489126352218088
7798,14.527708559862987
7799,13.738372574689144
7800,13.412859310579364
7801,13.176603344345688
7802,15.586252159808431
7803,14.617723324682865
7804,14.074421827604967
7805,13.309599322985736
7806,16.135567122400882
7807,14.534874395703127
7808,14.919943345278863
7809,14.236102912225407
7810,13.502155642794637
7811,14.112639135731044
7812,13.948869366411941
7813,12.881843259981919
7814,14.420173418474455
7815,12.991606543146258
7816,13.777481054753471
7817,14.04259404024663
7818,15.061350633462851
7819,12.773324348832608
7820,14.849627507508304
7821,14.186558869359072
7822,13.222107256722527
7823,14.439121603986612
7824,13.31518103399329
7825,13.456001884511632
7826,13.09680656335628
7827,14.7209476696937
7828,13.836699837555985
7829,15.266275671713105
7830,12.71625869038141
7831,13.556709853729938
7832,14.62967575327692
7833,16.230873652908077
7834,13.68791483423895
7835,13.03340680638472
7836,15.030260107842121
7837,14.2554041410801
7838,14.413803984920653
7839,12.98474140476299
7840,14.424302342943712
7841,15.482727340596453
7842,14.194933814202612
7843,14.810519862228704
7844,14.701107381856268
7845,14.146913162590215
7846,13.411228195322561
7847,15.020543840565596
7848,14.604038331456302
7849,13.142378743927354
7850,14.690899556621765
7851,12.572429910274215
7852,14.142185240966155
7853,15.42908506220977
7854,13.569088449907401
7855,13.10712369751137
7856,14.197248724658252
7857,13.988632232658455
7858,14.74791053120414
7859,13.51249165246606
7860,12.645936529884947
7861,13.585273655644977
7862,12.792984630359953
7863,14.72853120782675
7864,13.648531744362833
7865,13.763812464297136
7866,12.514984564003433
7867,13.98898125489017
7868,14.886987876683817
7869,14.731282005248087
7870,12.807431902246272
7871,14.561414336653849
7872,14.268640532462637
7873,14.387660662167706
7874,14.710193625728111
7875,13.093035873989827
7876,12.114959190156702
7877,14.615920467787884
7878,13.4502797838646
7879,15.489323221418905
7880,13.626294764190817
7881,13.041726120118508
7882,14.243637396861402
7883,15.257240616555247
7884,11.76292168264901
7885,15.292881271399018
7886,13.357618784205151
7887,13.41251070870411
7888,12.392871306180567
7889,14.820016010705139
7890,14.135379185216431
7891,14.518946838911123
7892,13.270652254989864
7893,11.827192869129812
7894,16.01109808801649
7895,12.629122315667013
7896,14.152694503882975
7897,14.693525203830886
7898,13.489049511599097
7899,14.872676366205331
7900,13.683522484890402
7901,12.295388321465774
7902,15.670676300990543
7903,13.511066033302143
7904,14.99515145768644
7905,13.25163498636936
7906,13.196378220983547
7907,14.246830027563998
7908,14.51840612980968
7909,14.190559506395656
7910,12.223291041254141
7911,14.886409302953352
7912,10.807762446461572
7913,13.251740135614492
7914,12.264901749429798
7915,12.711314181255165
7916,14.167693152873044
7917,15.856634900576237
7918,16.22718556718646
7919,13.311061389448938
7920,13.644118663740045
7921,14.882564310896749
7922,14.656679125863155
7923,14.27914466831131
7924,12.037204330861798
7925,15.2302366824497
7926,15.370526592613125
7927,13.900109268147142
7928,14.48678085960523
7929,15.576168858970323
7930,13.108129695395448
7931,12.42604375841528
7932,12.917721718660419
7933,12.058232133569652
7934,11.58315277839627
7935,12.985207055990452
7936,13.401084211473766
7937,13.881085167115044
7938,13.493207235440822
7939,12.773647925280368
7940,13.926167528415302
7941,14.516923464761192
7942,10.580264002549788
7943,13.108546377539804
7944,13.707044106157177
7945,15.966211264443738
7946,13.45927974155132
7947,14.602569207912971
7948,12.939009944979707
7949,13.132100306683727
7950,14.82483437556522
7951,13.852562382123242
7952,13.13517302047532
7953,12.777582341922988
7954,15.53620358994929
7955,13.853939111916972
7956,15.070165526759757
7957,14.324235468426531
7958,14.03746940052518
7959,13.215123578737622
7960,12.203361859080374
7961,11.908780187483359
7962,14.072025383827262
7963,12.212004819600642
7964,13.474076330759603
7965,14.613450766135372
7966,14.628731112197311
7967,13.226937075485408
7968,13.266387351618874
7969,14.660704794575544
7970,12.385886404270726
7971,14.005284205179658
7972,13.887941653613773
7973,14.644719011995733
7974,14.94145334708636
7975,13.787072998657363
7976,14.612172283225904
7977,13.992105707457586
7978,14.449011999304005
7979,12.704987792269243
7980,13.416206479046632
7981,14.614224857892935
7982,11.897561568064944
7983,13.69815939280432
7984,14.999370197005476
7985,12.858805295748176
7986,15.01843587878309
7987,14.900985791213731
7988,13.040646699361655
7989,15.165736786542332
7990,14.608628573807088
7991,15.49673211201361
7992,13.814021801158482
7993,13.507084671478633
7994,14.023032996549901
7995,13.281240431509202
7996,12.781825004406114
7997,13.227387097319333
7998,13.952196033666095
7999,14.590592648560232
8000,14.042423520332255
8001,13.122367820626895
8002,15.116346200906575
8003,15.410518414157083
8004,13.09684676704232
8005,15.49901582657607
8006,14.513696526875009
8007,15.248011176301297
8008,12.26851865426657
8009,13.183814945647311
8010,13.351641192482035
8011,13.395928408956575
8012,14.438312480224587
8013,13.158332021316392
8014,14.507901132456075
8015,13.449787965807932
8016,13.906876867601481
8017,13.754665367540914
8018,15.268111749267621
8019,13.013882422664851
8020,13.971342004558773
8021,12.891668813150616
8022,13.914117972033303
8023,13.029061088247929
8024,12.894061200879984
8025,13.437766860723718
8026,15.473094257867608
8027,14.00065102822536
8028,12.967498832859178
8029,12.01434854786493
8030,14.301150238392262
8031,13.955321595236535
8032,14.298787168712861
8033,13.928334330525399
8034,13.735430648532635
8035,12.93264181376845
8036,14.99726881223285
8037,16.287778728832148
8038,13.699434572324337
8039,15.798341255486012
8040,13.537572940382821
8041,13.722960011319726
8042,12.264906406492962
8043,14.332572145949905
8044,14.868533779558973
8045,12.753221846952833
8046,14.619188761599933
8047,15.342413868783751
8048,12.95204357878439
8049,12.624676791204717
8050,13.857693533172533
8051,12.539818751560473
8052,12.59142108822671
8053,11.645135808987131
8054,13.509680255187003
8055,14.561400374212404
8056,14.658384971590703
8057,14.344600487276313
8058,14.05076848150983
8059,13.662492627721962
8060,15.865737229484983
8061,12.049060030089901
8062,15.575973857118843
8063,13.95946089142479
8064,13.176380281192367
8065,12.899439410995713
8066,14.22448953610031
8067,13.612834231963967
8068,15.308665535991627
8069,12.9350595330401
8070,13.7319124419281
8071,13.081984097577644
8072,15.646424473371153
8073,14.88393906593732
8074,14.643244106987618
8075,14.868689916534414
8076,13.417319005083698
8077,16.2213565301088
8078,12.179074506110467
8079,12.08786323037215
8080,13.446992988732418
8081,14.958875149165205
8082,13.979078114573797
8083,13.071749275051548
8084,15.365881614958509
8085,13.891397176443043
8086,13.436643076742339
8087,14.543458346144234
8088,13.606285608020986
8089,14.076939268626072
8090,14.86245094249011
8091,13.741944042477078
8092,13.125468662930743
8093,13.440196835286867
8094,13.478291059630223
8095,13.798031463062847
8096,15.279457868012692
8097,12.140038265313247
8098,12.96085591410094
8099,13.421956189423767
8100,14.495233456897335
8101,14.091708240983992
8102,13.220159835258748
8103,14.7634934183178
8104,14.295878596931761
8105,14.415747515521499
8106,15.872964244318819
8107,13.110709479674549
8108,14.217857285757882
8109,13.126042468900584
8110,11.634476291384598
8111,14.811688593814287
8112,12.799095827337672
8113,14.497238568238217
8114,14.677812646293967
8115,13.166416736086173
8116,14.758368614497746
8117,13.553166464571454
8118,14.973361893787736
8119,15.53497895741654
8120,12.852931739479287
8121,14.804455498612914
8122,14.156594792456636
8123,13.482021181356163
8124,13.85853003450584
8125,12.150388035374005
8126,13.629219631109974
8127,14.454989604647286
8128,12.967148454645795
8129,12.590257452418662
8130,14.789475580750578
8131,13.931891969257542
8132,13.852076772688731
8133,14.124467051606244
8134,15.060773401968111
8135,13.6974061156785
8136,14.404501917620811
8137,13.60114863634309
8138,15.078488068652296
8139,12.976420925487394
8140,13.687712596530261
8141,13.998439226097545
8142,13.072298665122668
8143,12.88597171661102
8144,13.784584680144762
8145,14.39995589471816
8146,13.251416581670716
8147,13.463307768127954
8148,11.406833195335109
8149,14.524294061315013
8150,12.35408198097748
8151,13.75272449359303
8152,14.169206244667452
8153,14.002274246269124
8154,15.12049776417338
8155,14.83114621992567
8156,14.91192092156142
8157,13.153817164415658
8158,14.210159662141603
8159,14.406332339696965
8160,13.046615432450052
8161,12.88932090914754
8162,15.782510301099125
8163,14.034639026645207
8164,13.524418961785203
8165,13.369959351032838
8166,13.587847751158034
8167,14.994762656806383
8168,14.023766763241692
8169,13.244059496855252
8170,12.875567214264144
8171,14.757591561897035
8172,14.105663707226187
8173,13.016835792668346
8174,12.904207181553357
8175,14.148308883190428
8176,13.310474298514055
8177,13.747052455707268
8178,15.103774755403078
8179,13.964843937643058
8180,15.041324874025445
8181,15.031747196995374
8182,14.468163779230187
8183,15.410455311366672
8184,13.884669556221743
8185,14.950235252096368
8186,16.053913935756754
8187,13.354370386868634
8188,14.999841888055181
8189,12.68634513747814
8190,13.95533052810476
8191,14.891425559552973
8192,12.103492686201998
8193,13.0261362550515
8194,12.82247407509057
8195,14.711008817243586
8196,14.983099785495355
8197,12.482268157348651
8198,13.383819602444332
8199,12.966152767791602
8200,15.83382853551824
8201,16.64208860310605
8202,13.249241719017348
8203,14.684111417584269
8204,13.60943133403284
8205,13.780582594019668
8206,12.786602776817503
8207,14.657883271746183
8208,15.20964246068497
8209,13.346314305380705
8210,14.75243467981323
8211,14.42183516882941
8212,13.627551251302497
8213,13.963068987630832
8214,15.422561822482038
8215,13.603411496756664
8216,14.946481802283074
8217,13.734143445351075
8218,15.44126267292863
8219,14.878847616793426
8220,13.733012817354927
8221,12.61861755911198
8222,14.430190259776696
8223,14.614698348433954
8224,16.839161490205367
8225,13.294322299422186
8226,12.930261074497702
8227,14.083375943226466
8228,12.886085293823422
8229,14.424643094934906
8230,13.139265001786875
8231,13.787166661109636
8232,14.379373289856348
8233,13.857787111965239
8234,14.702969880171496
8235,13.820990087966909
8236,14.197399604282317
8237,13.808930255418119
8238,12.578429990185963
8239,14.271486732416136
8240,13.859980692835983
8241,12.907006550576668
8242,14.194710170554506
8243,13.232945252816933
8244,14.140790717876024
8245,14.776550968322091
8246,15.333751307580721
8247,15.074369093274468
8248,14.147779385998414
8249,14.506481898206411
8250,13.860224241912347
8251,13.34314853417764
8252,13.805561108706335
8253,15.781503430196995
8254,13.605066047379596
8255,12.674428930330938
8256,14.26554266504042
8257,13.820617349778363
8258,13.945291616273227
8259,12.951356998786968
8260,13.688690175346935
8261,12.832551038320583
8262,12.704979519736789
8263,13.956234156205413
8264,12.896950438590446
8265,14.333099307072299
8266,14.469514832144775
8267,13.718556332074824
8268,14.098664896735091
8269,14.971844926101365
8270,13.146873541854365
8271,12.903460872396336
8272,14.952676676077694
8273,13.48501580183777
8274,13.67925752935498
8275,13.391213934818964
8276,15.149165137032313
8277,13.54787437828869
8278,14.308536539515433
8279,14.135029820756218
8280,14.640070746884517
8281,13.902405717082045
8282,14.256294838293806
8283,15.351641101439851
8284,15.204274225654311
8285,14.23773004283209
8286,14.721774810909563
8287,13.572730722321985
8288,12.261470113532635
8289,12.94300489301579
8290,12.448583032487617
8291,13.57317382496907
8292,13.886454019375321
8293,12.615934713195378
8294,15.095250872600403
8295,13.545389735497524
8296,13.873511440883883
8297,14.10490219128523
8298,14.347705343069842
8299,13.810168897992346
8300,13.414540030294475
8301,13.169186088712399
8302,13.449410141576033
8303,14.9886494121046
8304,14.146342071346687
8305,15.566366103156648
8306,13.194918038297418
8307,12.8322374937323
8308,12.557687270559827
8309,13.41184012850773
8310,13.957922658641403
8311,14.291138071582466
8312,15.11721119187489
8313,14.154944714689462
8314,13.611299708594567
8315,12.504977924984606
8316,14.232336030318091
8317,12.70902668318805
8318,14.492419978930478
8319,13.417645421927158
8320,13.49545687473286
8321,13.314295664398745
8322,11.606952143824062
8323,12.082119879205385
8324,14.654513222949689
8325,12.77044221736042
8326,14.695796215032228
8327,15.281549319162794
8328,15.581268395199244
8329,12.461471639484785
8330,14.146079244830013
8331,14.180978591830193
8332,14.391550561751206
8333,14.011260007197716
8334,14.985056044153113
8335,13.250691172117227
8336,14.093103867613745
8337,13.27579108338113
8338,14.125150253327488
8339,13.854930881830537
8340,14.908891445634852
8341,14.025705587347206
8342,13.89314038901997
8343,13.423808108847416
8344,13.255690049547352
8345,14.441179685855417
8346,14.36581901607853
8347,10.78923353353732
8348,15.287205242710971
8349,13.035296059070804
8350,12.658609671551925
8351,14.844982543127953
8352,14.95910964117444
8353,13.31699421870093
8354,16.192777818294726
8355,13.90782092896424
8356,16.04585444137966
8357,12.673649813468312
8358,15.147183151673936
8359,14.02314849114568
8360,12.258827293390135
8361,13.822194727794757
8362,14.468710140335508
8363,14.447722039926525
8364,14.354784306102488
8365,14.00717295523292
8366,15.204146402804293
8367,13.48894883906374
8368,14.023787290653367
8369,15.642487163477965
8370,12.867836355247979
8371,13.556971048131413
8372,12.969971159974824
8373,14.180536084515818
8374,14.35493401510331
8375,14.855156667670098
8376,15.416641756673835
8377,15.34482777249406
8378,14.909355709172752
8379,12.934103374056107
8380,13.986735700299223
8381,16.45671605275826
8382,15.237518470490919
8383,14.55480175674659
8384,13.282557775469828
8385,13.79388437103094
8386,16.269153366984433
8387,13.873656080642796
8388,14.540442882742592
8389,13.93818267277828
8390,14.947984535120412
8391,13.788445763396242
8392,14.438961422088427
8393,13.867605896027463
8394,13.578421409442095
8395,13.43877890418782
8396,15.083248020453192
8397,12.270514628071881
8398,12.753936044320882
8399,13.016432908335567
8400,14.336934065292207
8401,13.243040618432634
8402,13.89195625688939
8403,15.327580452314397
8404,15.737786430687592
8405,14.078898249069818
8406,14.282009687257935
8407,14.60595287629316
8408,15.420321340569217
8409,14.139989905966138
8410,13.886739804826197
8411,14.090654279584374
8412,13.448030891818957
8413,14.746873063134606
8414,13.647946419583315
8415,14.58782488048471
8416,13.824556343398005
8417,14.886192244410775
8418,13.05086785592604
8419,11.570356652715969
8420,14.005553262205025
8421,12.69822689363228
8422,13.45611960335425
8423,14.601858970081809
8424,14.828735919364894
8425,14.284244605639302
8426,13.773454089271018
8427,14.036806941455435
8428,13.076578437012657
8429,14.743963851047102
8430,14.151758833695187
8431,14.93341788382152
8432,13.427290519971775
8433,13.902295671681738
8434,14.717693185211603
8435,15.285790774324061
8436,13.596872270412803
8437,13.338980121010323
8438,13.575928223284647
8439,14.867312195232044
8440,13.079052950677982
8441,11.911735445161789
8442,13.29471963418347
8443,15.000351011322103
8444,13.808381226501133
8445,13.536445215927664
8446,13.460190416713052
8447,12.04164043527476
8448,13.369753506804033
8449,14.165478183227075
8450,14.024571919129734
8451,15.254401931183132
8452,14.47699415933197
8453,13.440409323538818
8454,12.65463145297272
8455,13.598327267194103
8456,13.734926761417244
8457,14.199255637740945
8458,13.999223631353528
8459,13.946495696420394
8460,14.012453445821855
8461,14.270854905944963
8462,13.555526753119214
8463,13.520381160410263
8464,16.371274570085344
8465,13.571547439816204
8466,12.582808785633906
8467,13.678660552324176
8468,12.865824856585766
8469,15.045980672576306
8470,12.20326077996281
8471,14.315024788948472
8472,13.981698245225036
8473,12.637323492272696
8474,14.768597709981142
8475,14.03214794543667
8476,13.246750078062053
8477,14.092841056856807
8478,14.208932131328691
8479,14.50932654605635
8480,13.922942086023832
8481,13.883725748576698
8482,14.58320599895647
8483,13.772423226771325
8484,13.783183095472438
8485,13.544850698013857
8486,12.449092962118863
8487,16.255583750269473
8488,15.143015975342514
8489,14.495713781643133
8490,15.31406449148485
8491,14.221186266281423
8492,13.690290193739784
8493,13.583025528106445
8494,13.888424482144337
8495,12.55908381813971
8496,13.309456056892612
8497,13.275588456709857
8498,13.635155119576169
8499,13.249127136236591
8500,14.067838503242218
8501,16.000692922541756
8502,11.66391215460957
8503,12.361069623655451
8504,14.019141329315708
8505,14.4347008767371
8506,12.924831799736893
8507,13.001958154896778
8508,13.374032669033761
8509,13.048584320624597
8510,13.48451786211478
8511,13.483828914337712
8512,12.754267132519074
8513,13.835801244779496
8514,12.908115235912092
8515,12.020358977245643
8516,15.57390857783007
8517,14.09850700619862
8518,13.452554400985466
8519,13.06139354614881
8520,14.172126360329305
8521,13.959631034830782
8522,14.867603341507017
8523,13.329859427858583
8524,13.855106673346523
8525,12.364946269121459
8526,13.046323510958247
8527,13.792306826769696
8528,15.06173974341119
8529,14.372684465647971
8530,13.588690340699886
8531,14.813542327957107
8532,14.326045720339268
8533,13.873891259142155
8534,14.424711226460351
8535,14.945578635647383
8536,13.599264969767592
8537,14.509200417697084
8538,14.730436960312288
8539,16.51818196604501
8540,15.065269856046443
8541,13.925715441953718
8542,13.472341351295274
8543,13.037215650241233
8544,12.340160396699048
8545,13.25269022926096
8546,14.103058026454692
8547,14.254372037098591
8548,16.113387667498245
8549,15.798990597844329
8550,13.766776619534776
8551,12.659975364726979
8552,12.001290137470956
8553,14.926585447148314
8554,13.460646573877591
8555,11.684547473333172
8556,12.157285654379983
8557,13.793471487876445
8558,13.627867476248985
8559,14.688009420725527
8560,14.26224206447865
8561,13.186729146612489
8562,13.268205067596787
8563,13.226405320285995
8564,12.95922844833566
8565,15.25299284005165
8566,16.844413373858053
8567,14.656897724892067
8568,13.69607578756097
8569,15.3458300564268
8570,14.179027912912973
8571,13.010394222274199
8572,15.45780113143683
8573,14.120917289879014
8574,13.783292819253191
8575,13.803704185146158
8576,14.108180307399172
8577,14.174495981114418
8578,12.792199073522642
8579,14.064979843429867
8580,14.179034678994155
8581,13.21576870886526
8582,13.565682644448863
8583,14.383546855269268
8584,12.228173069881759
8585,15.424656804831463
8586,14.309237691979133
8587,13.679781263996796
8588,12.863168727048926
8589,12.925471785414539
8590,12.10028406617934
8591,15.183026514041265
8592,13.262827800363098
8593,15.046179970160917
8594,14.334259194045666
8595,12.670536470704155
8596,11.893804792555159
8597,14.739315156334914
8598,12.293649563690266
8599,14.480137965555762
8600,12.833627238086594
8601,12.614465858183957
8602,14.41301702021392
8603,14.202208558742642
8604,14.188378069844426
8605,15.482112595631543
8606,14.110053815345216
8607,12.661420212653471
8608,13.564602914041513
8609,11.687398890181113
8610,12.604665361001505
8611,12.75416305795462
8612,13.82621496625116
8613,12.815783486100328
8614,13.786036749842223
8615,14.567250431600822
8616,13.230737844657023
8617,14.242096273977648
8618,13.982999261375616
8619,14.339883809880932
8620,14.263915077418996
8621,16.182699913441276
8622,13.910506165294635
8623,12.327997330049154
8624,12.6794735807411
8625,14.485576119926709
8626,14.822010866509554
8627,13.711627235811504
8628,14.307049989778477
8629,12.997053452098097
8630,11.194685282232765
8631,13.89325570290464
8632,14.458544722542578
8633,12.925469143159033
8634,12.152437212105045
8635,13.382603525954462
8636,12.753279970295386
8637,14.111011451361808
8638,14.416971986479517
8639,13.3703729996838
8640,12.780459591984654
8641,15.030576996240239
8642,14.01781677885796
8643,14.375788273200298
8644,12.480451761139573
8645,11.625404978770266
8646,13.653201715471809
8647,13.219542200713901
8648,13.411143573003546
8649,13.148493524422454
8650,11.63969274567534
8651,14.87007813739449
8652,12.160800269139841
8653,16.449923922209937
8654,11.953116179847404
8655,12.963720073043786
8656,13.48023754467582
8657,14.035082563724927
8658,15.19086754347431
8659,16.01631305302801
8660,14.248788582750926
8661,12.945733545532187
8662,14.797891444321381
8663,13.633406596510419
8664,12.701410515904572
8665,13.964099653580641
8666,15.245518979509988
8667,13.66133301622857
8668,13.58756486994854
8669,12.59319895717346
8670,13.366099884768811
8671,12.74912065998481
8672,13.03102750988162
8673,14.42757825200023
8674,14.587455383748972
8675,14.204521402409764
8676,12.823364988908008
8677,13.796130787149075
8678,15.455355813166465
8679,15.416170268375303
8680,15.472497180537461
8681,14.772493297766843
8682,13.99075468018341
8683,15.531731176270345
8684,12.78223295321661
8685,14.878697243564488
8686,13.311707501483975
8687,14.3366497943903
8688,15.793894151001972
8689,12.67563867925791
8690,13.208556916602388
8691,14.966780445716097
8692,13.003858811750815
8693,12.144780036750223
8694,12.543074015498696
8695,14.279932671403092
8696,13.44761224263449
8697,14.020100691512678
8698,13.289210676458985
8699,13.366354805616108
8700,13.579226294521066
8701,12.736033842599557
8702,13.140056185624303
8703,12.149512884424642
8704,13.83065303109317
8705,14.808726854538541
8706,14.123518363181178
8707,14.74180128657912
8708,13.408139860112476
8709,13.67527162749669
8710,14.435739123393923
8711,13.742788814844188
8712,14.4427949183876
8713,14.147952953650881
8714,14.203378811222555
8715,12.308332654605431
8716,13.706503830540894
8717,15.517314235839844
8718,11.474823018061272
8719,14.548919155104702
8720,14.534286211563387
8721,14.335090823632754
8722,14.570818376151227
8723,13.840195023898476
8724,13.879936095659065
8725,14.313686320035922
8726,13.224907762214784
8727,13.70674659309509
8728,13.680597950519509
8729,12.634760564565907
8730,14.627163638749494
8731,13.311506299636955
8732,13.605048580915259
8733,13.528462357513591
8734,14.222032422754195
8735,14.168573844339658
8736,12.801596783479157
8737,12.470586017207394
8738,13.744615983249352
8739,15.001456095319767
8740,14.279830358181822
8741,13.865342279451015
8742,15.55183950393216
8743,13.231492464877826
8744,15.221449972097256
8745,13.087708011378743
8746,13.769390267096487
8747,13.29958661203383
8748,14.209117579489332
8749,13.076614679260857
8750,11.781555975167995
8751,14.768876220462673
8752,11.987093066060744
8753,12.383120581350292
8754,14.272171590554667
8755,13.064685974960295
8756,16.657633763387462
8757,14.503899429753393
8758,13.445194334244675
8759,12.154721589471276
8760,12.723002439792696
8761,13.841232742331501
8762,13.548938404195084
8763,13.264410458015623
8764,14.279437639049906
8765,13.495029650100271
8766,13.374321363215548
8767,14.410860603831766
8768,13.784343016277532
8769,13.380471203168955
8770,14.51907717579072
8771,11.984846059025664
8772,13.286970780274288
8773,13.508626398475172
8774,14.905285244178135
8775,14.257339990490816
8776,16.000499625592177
8777,12.707989983695702
8778,12.346087719921375
8779,13.591782455508046
8780,13.010178065430296
8781,15.019004234994162
8782,14.080684338360866
8783,14.059707303432766
8784,13.150049076180565
8785,13.404497453893338
8786,13.836048865237487
8787,13.722375507201495
8788,14.796619195321643
8789,13.033431318124874
8790,12.222806727523384
8791,13.271123970204593
8792,16.94786448829036
8793,13.485620390464174
8794,13.559875737480223
8795,12.640375942871097
8796,14.330582279951823
8797,13.835032493143272
8798,13.304403826030873
8799,13.64489613740889
8800,13.464210478318432
8801,14.985289460712089
8802,12.385073655166758
8803,14.718069227930094
8804,13.735919014842308
8805,14.265941728954596
8806,14.751026299410805
8807,13.783230489839433
8808,12.568438526531796
